{"cameraMode":{"drawMode":0,"name":"Shaded","section":"Shading Mode"},"sceneLighting":false,"audioPlay":false,"sceneViewState":{"showFog":true,"showMaterialUpdate":false,"showSkybox":true,"showFlares":true,"showImageEffects":true,"showParticleSystems":true},"in2DMode":false,"pivot":{"x":8.520000457763672,"y":1.5099999904632569,"z":-0.9291558265686035},"rotation":{"x":-0.1375066339969635,"y":0.07184132933616638,"z":-0.009999332018196583,"w":-0.9878459572792053},"size":7.00813102722168,"orthographic":false}